Date,SG,SN,SV,BG,BN,BV
1995-03-03,-0.2296787300755585,-0.2353618072387699,-0.2892091004450582,-0.22140284719788522,-0.29862553423009286,-0.4860802682040171
1995-03-06,0.05751556375706397,0.6260708297920415,0.027049452613968267,-0.72626968186804,-0.5479719137465825,-0.2549978196807699
1995-03-07,0.018617835592443385,-0.04181258051205778,-0.3092570929668387,-0.1722142955158249,-0.7470782454234853,-1.456521687083361
1995-03-08,-0.12166942823809815,-0.12015601099876716,-0.5595796564124141,0.8900890429931833,0.022642293683901048,0.3464148823017913
1995-03-09,0.21569969958038612,0.04276657407566766,0.1819309305911206,-0.31230171957417774,-0.2876575902749093,0.059883889458614864
1995-03-10,0.12798168164275403,0.30980711329375665,0.09373877503691003,0.8264873144679226,1.1840543222593192,0.8475049113272416
1995-03-13,0.049480218153985504,0.07336984118833804,-0.14031030932711328,0.030322149075814948,-0.19797270973515677,-0.38723453522120294
1995-03-14,0.4504355685889415,0.4656307735896728,0.7701172770544834,0.9601039007366928,1.2636712992283936,1.0796586945234468
1995-03-15,-0.02828703363184531,0.42639280505164256,1.1261083565130892,0.2469907903486951,-0.2107919259505566,-0.0806745734203429
1995-03-16,0.32926644448493336,0.3562552153780762,0.6383294479782554,1.6574146961334368,1.3737487194684148,1.7862114882514295
1995-03-17,0.026069025508067667,0.313246055272135,0.23509912994305965,0.1506874746062588,-0.175093032576135,-0.15803266989145587
1995-03-20,0.3703549368344995,0.5378769681349295,0.6147459986520553,1.0748111391618345,1.6009557000719952,1.2377974572835115
1995-03-21,0.5101402972258123,0.24648404198488885,0.6320926510768229,0.3659499095279547,0.34646474216568424,0.6173496335387798
1995-03-22,-0.24620230787138253,-0.13298226889915815,-0.4025516537851534,0.3687832503754284,0.3184032869385798,-0.22133248829287094
1995-03-23,0.28293031667176316,0.3810597277198418,0.6465708230987943,-0.521078933809398,0.16838444292500465,-0.08037607072636717
1995-03-24,0.3636199689617748,0.027663363409159383,0.27486746044456634,0.39287011041246167,0.34488337365085303,0.7065708941853582
1995-03-27,0.2040302619768657,0.26888814649523674,0.17870260206659022,0.4256367769351338,0.21368011967658138,0.26004020527011873
1995-03-28,0.39026083425441205,0.2422084948117618,-0.16002765915704126,-0.33389472547865157,-0.7191716096695622,-0.7180968650543467
1995-03-29,0.2597253480141628,0.035283541425546204,0.10281564339230359,0.2888082131708504,0.848792010313058,0.47361473131022924
1995-03-30,0.7430018496711237,0.3193692278297586,0.08994617473247633,1.1899716556809707,1.1139134049380348,1.030949016625575
1995-03-31,-0.06841599624444787,0.2295267027095636,0.16791818531977265,-0.716504258637438,-1.0677765129541072,-1.3386125978338297
1995-04-03,0.05902839375381177,0.4402649970903471,0.18120817236504,0.21805326076473935,0.4047966200006368,0.09383773383566603
1995-04-04,0.42180987719181373,0.47427637038983256,0.6987671117760085,1.5016360928692907,1.0757624056667883,1.430143293816387
1995-04-05,0.049543635585828166,0.20412323360148465,0.3414468124202617,-0.11907634384217185,-0.22603139504244862,0.5001778154669496
1995-04-06,0.3247942691478835,0.62839605472243,-0.03252067918543209,0.6128565365788999,0.14547233522716116,0.35499421684744964
1995-04-07,0.23497663697442123,0.2660837461819824,0.2543359227627361,0.20899635112339404,0.5519769758293815,0.22133315271423762
1995-04-10,0.24142702411337263,-0.016699629034858287,0.10153351903196643,-0.39858582185195784,-0.3410538596458986,0.1241783776174201
1995-04-11,-3.625774117240286e-05,-0.052327034956619965,-0.055967146744811985,-0.4001492850985064,-0.5318815671224165,-0.15763385365787436
1995-04-12,0.27593305946112134,0.1802902751675602,0.31846071466267184,0.26849432786715777,0.5958506867649004,0.5154280800024896
1995-04-13,0.08314238364370002,0.14755472796699323,0.26295993781818733,-0.3870048296915083,0.13526553877427505,-0.17718989777028885
1995-04-18,0.12439774158594756,-0.001769906303419681,-0.12366493104242204,-0.23435910408315827,-0.4911801698994629,-0.4091243012240468
1995-04-19,-0.15555729510351607,-0.016888128690875134,-0.2887161665418014,-0.5871200566729203,-0.7203503652978163,-0.8319065496338052
1995-04-20,0.04090884553099007,-0.08820344701069369,-0.23492493973483788,-0.30676471815943845,0.3761180934377134,0.19396778449030103
1995-04-21,0.26763969626420364,0.1652403276610424,0.19250642596038747,0.6342551027554695,1.0763005720485703,0.7752414004419816
1995-04-24,0.03952643148969204,-0.0735344161484307,-0.08199802744456228,0.28643047557511453,0.3745981297170428,0.14782307395501318
1995-04-25,0.31436112128871224,0.22598074051861325,0.5423178754539656,0.06305205402471087,0.3119148672623429,-0.0597676975231306
1995-04-26,0.40285009223448115,0.04093991195958096,0.03575358748096712,0.20835445492428267,0.3576134509781117,0.08066986439262776
1995-04-27,0.44085940638509885,0.1641716858695016,0.24418874456221418,-0.2531063030528686,-0.4362165064563165,-0.14900721263334826
1995-04-28,0.47565903259508924,0.36968332579066915,0.16355276482859407,0.1507881686289583,-0.11137126237496353,0.10391487826918248
1995-05-01,-0.38408758942758164,-0.050879240750336535,-0.08465947271730075,-0.032503720778334126,0.25125478671006923,0.11410947018435871
1995-05-02,0.1514875604146784,0.048191260391262966,0.3106014399326347,0.7236250941691303,0.9113207676895554,0.9305222001200057
1995-05-03,0.06873385595697062,0.224510071808535,-0.004897597069807956,0.5225919445329452,0.22703641847403339,0.33953677224099943
1995-05-04,0.3985416509414474,0.589474538847499,0.4096435732960102,0.30162237051253504,0.040117249014372365,-0.12652043644888955
1995-05-05,0.3522738475643997,-0.046498946863139844,0.0029442684238715822,-0.5982661131277607,-0.37393916875332345,-0.46900188737652515
1995-05-09,0.21043737230396348,0.27940011785654717,0.16400594584851602,-0.49568038225755084,0.6518104544532641,0.23352755547203483
1995-05-10,0.3496651725202857,0.9652513378378405,0.9100720089160381,-0.10882371476569334,0.9181122057863527,1.350812558475056
1995-05-11,0.27775898176769714,0.9661741685174078,0.903507248281586,0.7574308859051486,0.616972354567822,0.9307922595965817
1995-05-12,0.2671617690215092,0.6412287184436067,0.5676208582744244,-0.13609154479816832,-0.30194045911591,-0.06074288729988029
1995-05-15,0.19215540694593938,0.8246607325590627,0.2437891426145352,0.09175524380519895,0.1572179654250214,0.05546347894096898
1995-05-16,0.26202592716874107,0.34485359879952404,0.09169290796217529,-0.3697415528605792,-0.06342936524605326,-0.1991842129977459
1995-05-17,0.12426459148907133,-0.015396613339117104,0.2769280356612181,0.3143031845001816,-0.4453106179133162,0.03180402947788175
1995-05-18,0.2841862122500579,0.3347118502969271,0.5326728677134405,-0.14813055515207277,-0.6125567660312905,-0.18989346613842956
1995-05-19,-0.2684237545088761,-0.2968949265525128,-0.5647224045460867,-0.7950200829648062,-0.8825927902402719,-0.6595925666083465
1995-05-22,0.46449141309854153,0.08141695123557974,-0.07429954094608768,0.7068975039820469,0.9269419823263029,0.48503821935008284
1995-05-23,0.06929777061660068,-0.057330572875211816,-0.5620447514887326,0.08571056536144907,0.30439565665264623,0.2817415506454889
1995-05-24,0.2940057038534065,0.4732865606840775,0.7805114575610919,1.018751107892918,1.094322151571753,1.1438003738128453
1995-05-25,0.2351457399321306,0.15213503512238516,0.7226693867793963,0.24028527081798912,-0.02779688386776532,0.6472854570569775
1995-05-26,-0.1361775852205896,-0.006316798928524875,-0.09862698916823044,-0.47521064507516897,-0.5377799947139658,-0.5624342929658808
1995-05-30,0.0897672894937272,-0.1158027681782725,0.10482149360617499,0.0016221306554525306,0.11647539849091998,0.04678770490440529
1995-05-31,0.509109937331229,0.3755294475474167,0.24586926967179124,-0.12602922186007637,-0.14699934084050714,0.6785877845091843
1995-06-01,0.40717622865945946,0.4554724689275006,0.5236999266927588,0.3045962280440042,0.6996713254986079,0.8077446335700552
1995-06-02,0.15346932210219508,-0.06200371526089414,-0.0030592376241290924,0.13559992536748255,0.02084600781215068,0.3875691727613032
1995-06-05,0.36141078412489325,0.47100218775322433,0.03877431948720219,1.0963749842030475,0.7457591725669396,1.27840900339433
1995-06-06,0.36495629979328303,-0.07245455291281512,0.227549566755475,0.24105785586857956,0.019780672548020996,0.3334225519635354
1995-06-07,0.07469977051004525,0.0025413221526417082,-0.33858370017556055,0.17978037761870422,-0.5377087866932516,-0.5022027059734661
1995-06-08,-0.38979300861854976,0.09198933194260066,0.11716250470546595,0.8537680084361873,0.004176433639925503,-0.27452462961849466
1995-06-09,-0.3786956612883849,-0.0027422145002358174,-0.6108873967505087,-1.0949821405995308,-1.0805031333282442,-1.4742481625211945
1995-06-12,-0.4028436848120368,-0.6252057700054113,-0.4368909728992738,0.4492769564488214,0.08756728576766436,-0.26062530419811397
1995-06-13,0.04013212747586083,-0.18286297731679488,-0.6232738783666466,0.02859860477252367,0.38931609096209546,-0.1649656884811573
1995-06-14,-0.0016228494044853178,-0.08081176881652362,-0.2882499862247295,-0.06830832640601919,-0.40195629749721157,-0.36281841044836977
1995-06-15,0.4137599018001433,0.13180545455933146,0.14269825079196422,0.8918778589328742,0.9046603131807338,0.7130085576173777
1995-06-16,0.15719015306769926,0.3126381703306274,-0.15011800306734618,-0.055813864941838584,-0.08002545517229544,-0.34606245225286053
1995-06-19,-0.20420138939029897,0.19536031054762448,-0.11210770904086319,0.6266558257377639,0.41983068419092623,0.10088356703744716
1995-06-20,0.395755396552127,-0.1923930011841357,-0.2118225141656198,0.06071378190819424,0.0004985192054697439,0.07380385519844951
1995-06-21,0.32568375891484797,-0.14677998283555835,-0.23114158126209144,0.3712459120536723,0.00836627723943832,0.25803734473647894
1995-06-22,0.133566431692937,-0.09332261676955225,0.2307041534439057,1.1712084919122587,0.5813765990405444,0.8833890986161089
1995-06-23,-0.05351684534203484,-0.05678460792018569,0.1738243401432597,-0.4136355398402652,-0.6932246022306773,-0.809425348033805
1995-06-26,-0.7009043775578963,-0.5426510034322182,-0.869851010098218,-1.4695426347785927,-2.0925617049418848,-2.283336344829181
1995-06-27,-0.4427325583679171,-0.5284604354349313,-0.18119653826651885,0.06577592682190236,0.16659591266251494,0.09773044403776897
1995-06-28,-0.4413886269153815,-0.7168464566168672,-0.6564054188606082,-0.720852392959305,-0.7013202444087563,-1.2281892332421407
1995-06-29,0.12324564291052817,-0.02119872834564395,-0.17615392770877303,0.05119936812864135,0.5765274088699734,0.19609420253542692
1995-06-30,0.12982084519396422,0.05360060044864282,-0.12545110236482943,0.5111944024535483,0.4531998497088848,0.52800688630896
1995-07-03,0.03092265735709185,0.05892551050840327,0.20120845871853907,0.13851690297418395,0.177400720940561,0.31095530252004094
1995-07-04,0.4218322142139261,0.22233074732779162,0.2610778052158386,0.3537909154592968,1.1062919820107837,0.732550522465743
1995-07-05,0.6906529348878678,0.4988879898009569,0.9035453200807706,0.815456602878034,1.274681479220055,1.4097445602885186
1995-07-06,0.3040079692136054,0.5927676807360159,0.7466449305546738,-0.18123916084454048,-0.32736285142695964,0.08331782497685299
1995-07-07,0.629465627349201,0.9276091232349265,1.0709473571064547,1.8096644369374177,2.2511008453991894,2.2251875320400902
1995-07-10,0.14276587316683553,0.411089518304531,0.5716270257528789,0.21721102441191817,-0.32833012417882895,-0.30703312882754635
1995-07-11,0.19381765415231814,0.4403874294998819,0.5464202940019328,0.5520666366418512,0.39825844011370676,0.15372329129842768
1995-07-12,0.22471655281215203,0.15508901650971757,0.22706181246377777,-0.24905481429508772,-0.4773805590555533,-0.49158342297932156
1995-07-13,0.2922214079964015,0.4634469259235707,0.1668020398904335,0.1738339237472605,0.016383946920646653,-0.013386125765543992
1995-07-14,-0.12223036970408083,0.0837927061543441,-0.344584382509555,-0.48117432134258975,-0.441406990981972,-0.2693411037454324
1995-07-17,0.45837268266392645,0.280418423743994,0.11146184180322163,0.30831082414733557,0.5178971003180894,0.4249939890014072
1995-07-18,-0.2760834054718674,0.09654907038273736,0.19696158590400287,-0.6214528099520401,-0.40963331563592226,-0.6833623234830576
1995-07-19,0.11272598456516988,0.21462792119523896,-0.3761359886122551,-0.3558943835313002,-0.263801243157859,-0.4175204973221564
1995-07-20,-0.2481116304580863,0.3984262704526789,-0.17755292609318152,-0.2146729462552405,-0.14963957372398384,-0.11575850117354804
1995-07-21,0.2380388812369158,0.4136721165190125,0.3916520610565409,0.083315350442402,0.450752091104142,0.5741960026392651
1995-07-24,0.3348438715362656,0.15485607408627713,0.20347074939349288,0.7118675478614345,0.6673909968822073,0.038906770758045814
1995-07-25,0.221724745615734,0.11479091724961564,0.14665858490620537,0.07064915885517656,-0.1744111568822853,0.2223426944923126
1995-07-26,0.4232362022791694,0.23872214289935792,0.4472174466016903,0.2336581925419234,0.3715680799606431,0.8411750088244424
1995-07-27,0.4961060383826614,0.3413072354538216,0.1709514456813685,0.14791254154689598,0.37165861457240007,-0.14531622594037452
1995-07-28,0.11700810012863103,0.0661232013032081,-0.19576937358742746,0.04670669100964222,0.19880913084007848,0.7814794527648657
1995-07-31,0.08981952781667499,-0.060906688992525534,-0.014609924572400823,-0.1587515329153492,-0.3757970282066219,-0.14122966029964937
1995-08-01,0.028297716456365963,0.030611915113568772,-0.08421373405118389,-0.2795442177710393,-0.4013153725625051,-0.6501284418657152
1995-08-02,0.40469342921709134,0.2292841150117539,0.2595337302693771,1.4262796505909268,1.2929045106073258,1.4235090576846468
1995-08-03,0.18283314879925833,0.012143192532248435,-0.5617976674515183,-0.4821269406342236,-0.8720754923617483,-0.26373470892838946
1995-08-04,0.08726951565150806,0.37111136746493006,0.20454163092959146,0.28833451039769775,0.09488952732159105,0.21452368874503464
1995-08-07,-0.2789171392972913,0.18741441691911143,0.2993427130611158,0.12377653383278737,0.27653865366285,0.38584668238781594
1995-08-08,-0.28619946899665427,-0.14492266920335944,-0.5057670007931939,-0.26954097053871673,-0.44728105851405275,-0.5574099251078416
1995-08-09,0.0488055071527598,0.011132585503742957,-0.1847254667549456,-0.4848833173596588,0.2920827350447828,-0.4233665020911877
1995-08-10,-0.05194545781509775,0.013426134806764377,-0.040729301289697366,0.06773675192743935,0.2999075070826557,-0.24959412030935624
1995-08-11,0.16495977578302545,0.010755404795236977,-0.08536499775248414,-0.18314252361155112,-0.3099180461730036,-0.3286871432682112
1995-08-14,-0.2538266039855202,-0.20072207143485396,-0.2560460114004118,-0.6869266504284891,-0.6002599688588095,-0.6721152282728994
1995-08-15,0.24532111368944348,-0.010553685905289673,-0.0777457723785476,0.16636254965999897,0.353099735952134,-0.022356708466812692
1995-08-16,0.34473788963194596,0.14607195809303367,0.2189306624468352,0.16749298165728296,0.5373494100426996,0.4521795222546484
1995-08-17,-0.0485363592930072,-0.003678414365568213,0.19589689246075379,-0.035095171576858306,0.07853107481546079,0.21439200431781508
1995-08-18,0.47781365381252383,-0.010396242143164381,0.3433758267181248,0.7978112570059249,1.159405088928378,1.0556748685612498
1995-08-21,0.4222797640572663,0.06179976497377721,0.4825460438655669,0.9846682937881327,0.641084083750329,0.934480102273429
1995-08-22,0.23609694010733226,0.4821545295923828,-0.008567927861410168,-0.38862224455137023,-0.14114374481298328,-0.33713443445751007
1995-08-23,-0.18530968756179692,0.11281009028062447,-0.1607530043173362,-0.25393487778002244,-0.43784838554827,-0.5112899361295119
1995-08-24,0.3345565107117095,0.2383470078444361,-0.13243671349150798,0.21208597439203072,0.3597078245873595,-0.37685455603374135
1995-08-25,0.31570196241188364,0.2953859127732308,0.13383371553366116,-0.19664100328968873,0.5805724257624804,0.1428700279268847
1995-08-29,0.11252355684168075,0.07490531515993712,0.07796728732370455,-0.8419287931877418,-0.370716863208293,-0.4357313373480669
1995-08-30,0.5884576326583137,-0.24441493505951054,0.021792386921678248,0.23404024739641263,-0.04161186308145576,-0.05472387897478243
1995-08-31,0.3857198744536242,-0.2634101849098558,-0.495985066416438,-1.0118714775059914,-0.542699437781912,-0.5377810281632815
1995-09-01,0.9203574894326526,0.09905860744087878,0.007321279579151454,0.041543608039588766,1.3128806128823247,0.5612774564837302
1995-09-04,0.5055717031054473,0.0024610401736534808,0.47545498318219476,0.2774931661245448,0.36711738673708966,0.10031220775477397
1995-09-05,0.3904328315636893,0.2635176366001426,0.19302152404310813,0.5876517898316221,-0.10797368540934833,0.5138224574602919
1995-09-06,0.17558016195781145,0.11218161882258966,0.4625231014245224,1.3187175289036148,0.1875820130829442,0.6730485682829259
1995-09-07,0.5588432752477319,0.07876884526661736,0.44099165276597857,0.2929758575962824,-0.4227328097394299,-0.5994458972153871
1995-09-08,0.1733080950725071,0.0895812031977729,0.45181272700168473,0.012602366350538173,0.25145767082695875,0.5462920659788512
1995-09-11,0.10166086572888113,0.3715256281666085,-0.07153712984372283,-0.09000490822960022,-0.1000465906898453,-0.142383919557113
1995-09-12,-0.27250143561314516,0.029538248853881666,-0.2920505386518099,-0.6456996606370132,-0.4288257901911205,-0.35535053831392477
1995-09-13,0.5581340597804871,0.1183886251201737,0.06512188309435657,0.48229490288214666,0.7444906170241182,1.2277846008819833
1995-09-14,0.4744743434292551,0.12153434280554556,0.2153847788829711,-0.30087344586643466,-0.4105296901697738,0.041432768439542286
1995-09-15,0.2913361067869194,0.04046762479933882,0.8931939128369952,0.1142151209680912,0.20171883232058216,-0.24912716154907338
1995-09-18,0.03428549788762536,-0.22178200708393256,-0.33607022474687664,-0.6268978770775006,-0.55247618905957,-1.0003243574334797
1995-09-19,-0.3958832554705412,-0.044388728262415356,-0.4179006372729027,0.15740983447500353,0.1222158684303412,0.27488947690319987
1995-09-20,0.31385986275334615,0.37205746141956375,0.26333092699789307,0.33925467855097796,0.9006506441236536,0.4103649189603801
1995-09-21,0.21442117538417105,0.08983041381752095,0.051560424362045484,0.5393203186550055,0.14633052233023752,-0.5214498872884477
1995-09-22,-0.500199491563401,-0.5440682410003485,-0.4049236891437342,-0.8337151578654394,-1.332636134085976,-0.8157525360167583
1995-09-25,0.07151561521264713,0.13994857348082637,-0.03133937983109105,0.2880757070138757,-0.4733863397669336,-0.2696524070842805
1995-09-26,0.10718453872218785,0.34175482833330967,0.2485449612662738,0.6650402491101809,0.19368807992093748,0.5156852455077067
1995-09-27,-0.03752336983016013,-0.09646686370057414,-0.2552087913470088,-0.4472440340081564,-1.1556367340631009,-0.7893452648083757
1995-09-28,0.26706220738867564,-0.21567875230192282,0.020140105703886312,0.2741558640588516,-0.5527840752656837,-0.4592854788374969
1995-09-29,0.39672165168603357,0.24585604874682018,0.48746428564715766,0.371199471623901,0.8143210846865978,0.9244269384881734
1995-10-02,-0.19859140214584628,-0.008268125789921543,0.48330847177869496,0.5274485351365239,0.2499251983179092,0.5963935319032362
1995-10-03,-0.08019258767247342,0.0657304604617416,0.17846475686872956,-0.17107330129242876,-0.1311471248948823,0.17688047243496702
1995-10-04,0.13022970451688448,0.3265374721862472,0.24558266047310512,0.3032115723764307,0.5449475950842524,0.6550490519760698
1995-10-05,0.12462662882085189,-0.012407410362079605,0.32736861862777034,0.18565950515677698,0.019444579555729133,0.07496318448270929
1995-10-06,0.15032571018884805,-0.09662592535987014,-0.03160518752109187,-0.5948348474910677,-0.4834114673142462,-0.7299552987559591
1995-10-09,-0.11723630656187811,-0.17507132004810413,0.20271661178597283,-0.5579746658772406,-0.010324463162107216,-0.5144816911477512
1995-10-10,-1.1172261277460802,-0.615810998362855,-1.1238713255065949,-1.3551796246484205,-1.5540779441388624,-1.724028103117378
1995-10-11,-0.16203345858619583,-0.15245495508181303,0.35939452741907746,0.6151419562812723,-0.019324284063755432,-0.15758035655046085
1995-10-12,0.28788060287350087,0.11308462014661688,0.5318802551660625,1.5234087385393071,1.334473705577534,1.7679326903716817
1995-10-13,0.5071970179399575,0.051451043620324564,0.3144835351777832,0.9654990467535207,0.9291986792595417,0.9646319521033689
1995-10-16,0.1295198393632075,0.1227747955471328,-0.022702962643520164,-0.19907920174322496,-0.11130777038635083,-0.2765746722609355
1995-10-17,0.0599268969596517,-0.02473517376185502,0.001249664748384506,0.05518197334683648,0.022487216943805895,0.579856988271503
1995-10-18,0.16312941122173955,0.013463335770837742,-0.060028940124402866,0.4791368612295869,0.5996953434040952,1.3104310000368868
1995-10-19,0.0654348471711502,-0.3087204120447888,-0.34922066136652313,-0.025007192195610203,-0.48773816976729145,-0.4621812650108255
1995-10-20,0.285183595605574,-0.10024878254948855,-0.1404134906838671,-0.04949541412951283,-1.1458558190757653,-0.8549924080763116
1995-10-23,-0.5640656487583295,-0.4542250682305571,-0.7100874883633578,0.30953518977040884,-0.7237966815607663,-1.1397511228625001
1995-10-24,-0.32415147210961015,-0.2989971141253845,-0.3077871163697369,-0.2825587172767264,0.2855895798864113,-0.18419341388067811
1995-10-25,0.04839887226823069,0.19164388317994874,0.30414957862826847,-0.29323686972633717,0.2803606515527319,-0.46630584159631555
1995-10-26,-0.7305937409888489,-0.06244593011344424,-0.35805672111532666,-0.27551192828430565,-0.8703373814304457,-0.44715778432228753
1995-10-27,-0.44365241508112513,-0.5095623964419411,-0.4511530541736733,-0.6561728402383183,-0.7182040691028176,-0.5646018129408138
1995-10-30,0.19585174771977393,-0.08676094817492436,0.26336429212757084,0.6247107480088144,0.5588726062163442,0.0568280152040749
1995-10-31,0.5024538799036021,-0.0486237692555415,-0.09672357582624043,-0.08692965386883571,0.5858800461311401,0.871336336158852
1995-11-01,-0.16853760652061753,-0.4903633451908234,-0.6388075373168927,-0.12498076089908765,-0.4336881975644002,-0.3697556482288506
1995-11-02,-0.17643411930195038,-0.2647950855819657,0.30859606054361244,0.42380044381375714,-0.07323279267866012,0.5298997835697583
1995-11-03,-0.16629149669758134,-0.2894264121603643,-0.2353459824587822,-0.9862556887192433,-0.7522626684363508,-0.517032999129046
1995-11-06,0.07237498766605742,-0.17698205571658637,0.009905544973712013,1.2342261906355068,0.18793105122650558,-0.3662129358293896
1995-11-07,-0.12408908615945527,-0.1897227126334478,-0.04908672755692231,-0.1413564807721158,-0.09034767168936471,0.6595041146568498
1995-11-08,0.5974130925664981,-0.14400628496576262,0.4437710706240139,0.08931905470694097,0.3673409991417496,0.6695793997417908
1995-11-09,0.0280216347981482,-0.4171768739065302,0.3136850425143925,-0.08145801979507698,0.22332532562739155,-0.24636760501987465
1995-11-10,-0.06421761092498549,-0.04185332077008203,-0.15526395886207978,0.18666428799375528,-0.5115930948687747,-0.7249212338104513
1995-11-13,-0.06324576645609002,0.15644023555155656,0.7911190670824226,0.4229589261396994,0.5850601340413062,0.41306600239726626
1995-11-14,0.16112011901953918,-0.11034122037786968,-0.09318344755029678,-0.09897290105732094,0.52086429160256,0.6388269731804953
1995-11-15,-0.2414592811115648,0.01273466082963443,0.5936888673870154,0.9571202386426878,0.26689355744834803,0.40709805981271097
1995-11-16,0.5582159789701903,0.7527407726475654,0.4717421146551619,1.6893062979831688,0.400482272132075,1.4715147674139553
1995-11-17,0.15630461641281787,0.43516450457531347,0.3131858402767698,-0.1544715458609501,-0.4121270530396859,-0.15713273100384592
1995-11-20,-0.08281118078460928,0.3991244263955799,0.16032162141915116,0.22535641393075603,0.35787562465956635,0.6287383196194328
1995-11-21,-0.479582327623153,-0.3136963286750492,-0.18511892839785357,-0.9362402939423969,-0.13983407894304917,-0.43582391222398076
1995-11-22,0.2302534880705824,0.009573174196495036,0.1376067584055215,0.30134213893941286,1.110566662855683,0.9410546515945207
1995-11-23,-0.7421687866800888,-0.12491970673844344,0.00901165455417872,-0.047335176808039205,-0.9391996122943711,-0.8626010379859745
1995-11-24,-0.03468060314644962,-0.029046419099342705,0.26706904260428904,0.7485911525927706,0.6537796482687277,0.6655963104546982
1995-11-27,0.43393805073835284,0.007460819635756928,-0.044680026834792476,0.5909899253935541,1.12110635420227,0.5603696719182567
1995-11-28,-0.11456661068546453,0.03272226628926562,-0.0823620852976238,-0.37481634947320264,-0.044894630133015714,0.16115377638904066
1995-11-29,0.5224719917136549,0.036824443180966726,0.5808796238606744,0.02238197431935732,0.17310859817030766,0.18829527634905016
1995-11-30,1.4478304877608834,-0.40689988848869074,0.13032060878097118,0.0033573706944452102,0.6623362468096095,0.21210931874304567
1995-12-01,0.47211327844327816,-0.4740132619936812,0.2800045191011316,0.24916921043646295,0.6856242022884022,0.5202790288290435
1995-12-04,-0.03764460045013271,0.22291949429979302,0.06575322530562579,0.3765782390339095,-0.3885527245995408,0.1727300381593273
1995-12-05,-0.1036478142423117,-0.08793423956100443,-0.11303063499813581,1.375026054577277,-1.2608605910971187,-0.23288295969262507
1995-12-06,-0.11608777854554087,0.1763583684366279,-0.23488256237203953,-0.11092396804590164,-0.20573575206135125,-0.735487309597089
1995-12-07,0.3803857000188823,0.11113865895821912,-0.0281821413892242,-0.985749769413254,-0.7190641152854373,-0.5303308713441395
1995-12-08,-0.23655141777320715,-0.05119392905779904,-0.05675275825992114,-0.04985851726705075,-0.14802106771860618,-0.6781088836125962
1995-12-11,0.167808683937985,-0.0038138752755607843,-0.06257202720217385,0.5390127601606252,0.4499911206979504,0.7323409583450288
1995-12-12,0.04304280303032094,0.4323678918469337,0.08648407032015364,-0.20893975455173835,0.2777655191911001,-0.18729438705964038
1995-12-13,0.2589159110053641,0.09781235820569768,0.0685326682457237,-0.23422266234700623,0.5454335978241562,0.22255748554785018
1995-12-14,0.06730020649237634,-0.1859531378232599,0.2839251271057605,0.5083413031741256,0.3186539930452136,0.31002610400234126
1995-12-15,0.06057326468751876,-0.2993997353414921,-0.03878368329639374,-0.44951635366656867,-0.8992737785338983,-0.4097124133702108
1995-12-18,-0.07848364367260076,-0.25065534150317925,0.08221240329923424,-0.7912432970229287,-0.8167809675590852,-0.9548461825749588
1995-12-19,-0.6754488521236435,-0.25729979601842456,-0.25450607724162594,-1.1112962573615988,-0.6779088074583254,0.40460312047582425
1995-12-20,0.36395760549629697,-0.147523717020457,0.5372928592348316,0.451582091996791,0.9301116483596505,0.8292344612271744
1995-12-21,-0.05284061699489378,-0.07832430348295422,0.09578065108374968,0.14302989014970535,0.5427824703605292,0.4343703501892028
1995-12-22,0.4309084671810732,0.29429982749695704,0.506340382552123,0.6167495445351562,0.7060516613670041,0.40230158551115675
1995-12-27,0.2186325627273091,0.21854435911411033,0.49458896838331395,0.34103868287317857,0.893379593356387,0.14572727438745414
1995-12-28,0.3883092459647797,0.18893349671438076,-0.046362362944311404,0.04639866003032815,0.4045304437730604,-0.12061279058574984
1995-12-29,0.4702338060300151,0.34248135945515407,0.3810496792934748,0.46470083782255384,0.20130235392692417,0.5834526405019884
1996-01-02,0.20511314721422422,0.3500937409957552,0.11325061317814392,0.07236541315309572,-0.03507660458865539,0.6327714914974711
1996-01-03,0.15688673387404448,0.4181569552260133,0.9662260655403888,0.45998862117104516,0.7891538011779724,1.2743287964184455
1996-01-04,0.360832285110955,0.3606115894610349,0.25605347283607677,0.03070062478463786,0.09761351914251104,-0.28430909376502556
1996-01-05,-0.12201307079163104,0.3279647583538522,-0.0006182374518086844,-0.3330527014909927,-0.591360460284196,-0.1454583522205944
1996-01-08,-0.03428866042461071,0.43149111415862107,-0.13609669331108015,0.013209241421715687,0.8354982150458489,0.30228222749543465
1996-01-09,-0.002220201298794649,0.2234836660880703,-0.27886635460418335,-0.4329802866945527,-0.20470386279148403,-0.7851411561925523
1996-01-10,-0.47395700325595846,-0.46773245015226683,-0.5570349261587589,-1.102308088309746,-0.6859587445535085,-0.8641282778407344
1996-01-11,-0.45489154732895065,-0.04030206919546351,-0.5525823431857718,-0.6821647986545283,-0.8412641147941825,-0.3909902160650065
1996-01-12,0.37815990967741725,0.41994189682700406,0.2815447102522149,0.41107927169020153,0.32788060845241734,0.3957608028275145
1996-01-15,0.07082640058815927,-0.0787156297967609,0.14059081719954986,0.4092425201341615,0.20799213478256415,-0.06299889650869679
1996-01-16,0.0992500791208002,0.01254260650995528,0.4006609973924861,1.138376274172649,1.343951924260675,1.0092365044287275
1996-01-17,-0.18085437171161128,-0.013046480001010592,-0.16753434507457438,-0.09334709320964647,-0.3691725899289846,-0.46185948433655
1996-01-18,0.4902197772867253,0.6719415144472269,0.43681986687255725,1.1724109002453555,1.067180529548498,1.0134632579787697
1996-01-19,0.5900656804026237,0.11480072728834735,0.115761719383558,-0.37658340953097597,0.04068526142358674,0.3248083410800854
1996-01-22,-0.06372874478314003,0.2669690294946,-0.017692725327729142,0.3480756909119029,0.12494928371696304,0.3789190598113049
1996-01-23,-0.5416862647537102,0.17481066251989397,-0.0018236513096066,-0.5618879825978537,-0.6343284618396503,-0.23021431086016955
1996-01-24,0.6458036056433867,-0.09574545920936539,0.050686321046556244,0.7892845171732622,0.09365288195705375,0.7711484451363886
1996-01-25,0.503251641350144,-0.1875441808570164,0.1258700161234155,-0.1967478015718867,-1.0215387696681715,-0.4917066315630965
1996-01-26,0.3127513996415439,-0.003017912787386634,0.09321313069428243,0.018916226170275705,-0.25442499924784473,-0.3903342634943248
1996-01-29,0.026427183014006397,0.21100804129662562,-0.03447416251393948,0.14905159163145523,-0.14378625855797275,-0.3475983760825845
1996-01-30,0.36479670838423195,0.3619289885962817,0.27573317680082526,0.13931475499234203,-0.25598641831415364,-0.15175647744658224
1996-01-31,-0.1321548244198756,0.2470786657793897,0.5972802910266463,1.0934072121900067,0.38334324851494095,0.35946022470323746
1996-02-01,0.12161583922113714,0.20983896304180355,-0.1333623885318028,-0.26674661950404344,0.06681620173345658,-0.05171027757213647
1996-02-02,-0.01007845986085713,0.22133038126895455,0.46292016380987355,0.8670664701512087,0.6818517932350083,0.7967535896238865
1996-02-05,-0.23877754378989438,0.03816506491774194,-0.20002675440866255,-0.8206514136944688,-0.9505074799544192,-0.33738605280640027
1996-02-06,0.27661847889379965,-0.21586752817270907,0.28823516397058246,-0.119689124670731,0.15248376408372785,-0.042787937197296885
1996-02-07,0.28712533913348415,0.024696445505797488,-0.16685649129041907,-0.5005460447011916,-0.5429822273488255,-0.3465410307686572
1996-02-08,0.18692346039106864,-0.1757141862274786,-0.09475239602336233,-0.3390363195623139,-0.5152388023331085,-0.6979579262527836
1996-02-09,0.6325578037005735,-0.03322396275639856,0.09947329899744943,-0.2576654829902448,0.3523346443847665,-0.3014183040803163
1996-02-12,0.08261597136345236,-0.11809082046112997,-0.08221873703727797,0.27439040050736097,0.4864018885100917,-0.08600997316700272
1996-02-13,-0.017424003281730636,0.1302963669975736,0.03064530433197508,0.8468323535013348,0.14161581634469908,0.4476254645304613
1996-02-14,0.27681668513212776,0.051463763566553265,0.0024535774242329163,-0.3654033932063432,0.10743390981121265,0.188228861563665
1996-02-15,0.1988164566031797,0.08803365065272735,0.6123101452775284,0.7375434172040823,0.9801772093860588,1.1772515918189996
1996-02-16,0.43145400501398024,0.2143287116902021,-0.10139806014595994,-0.36152257908421864,-0.5955694484250031,0.2811809366213449
1996-02-19,-0.020762575519939486,0.35640575485239107,-0.03406843564352096,-1.0668571307397583,-0.5444165925677723,-0.342242468331937
1996-02-20,-0.2712512741049479,-0.41376235124474314,0.08830836680339038,-1.269581485148498,-0.6001692272647401,-0.5552761544298929
1996-02-21,-0.2287041371056068,0.023883129697649944,0.07090966507123676,-0.12756574332440024,0.3518432744597273,-0.01661095716274581
1996-02-22,0.19233170486798884,0.08936514690059275,0.49167000025480334,0.47554509653036225,0.4158219492153074,-0.034749969930524524
1996-02-23,0.3994625888245819,0.3164892939684038,0.22688777258440454,-0.03293810187254018,-0.24412886790244664,0.5520160014635207
1996-02-26,0.3039205531481318,-0.12476127009595907,-0.2010296426983835,-0.7263231917099786,-0.43730726634632905,-1.5408315840456415
1996-02-27,0.15055609379195695,0.2720047924239398,0.029081720683771604,0.34171519054744176,0.44858305967291556,0.3241994181106459
1996-02-28,0.09406209897843057,0.7294825106375614,0.0655276940638415,0.272791002131441,0.8437629841745264,0.709455865893483
1996-02-29,0.00048374485676992886,0.32952015076556596,0.06265845557883883,-0.43014053097404525,-0.022146838259050797,-0.4460104894486677
1996-03-01,0.29297582450195125,0.8680047100111604,0.5035794548143858,0.44430896592066577,0.7526581949226279,0.9104884442486303
1996-03-04,0.28395498677883396,0.028771579486619157,0.2938632561570534,0.7443331155226757,0.6847036119890316,0.2731783638584887
1996-03-05,1.0741081202676876,0.279607179015705,0.28608914120471945,0.3655839874539849,0.20804416541533627,0.28449131076707196
1996-03-06,0.2521312193760756,0.027956610225479486,0.40232064274904156,-0.7343636358684846,-0.5888319911138212,-0.06966925440498563
1996-03-07,-0.2700566541089713,0.48147660495033495,0.8434874141674262,-0.1565314331443216,0.1222514160529972,-0.23577431119964076
1996-03-08,-0.7325001830924062,-0.20440508458322817,-0.013860571257418061,-0.648665306549888,-1.2804744054204336,-1.728393370209214
1996-03-11,-0.8248126947434195,-1.1317827770487752,-0.7866719002152939,-0.855763359611508,-0.24298144066807284,-1.2247349952516295
1996-03-12,0.2192977761394076,0.17789265526366163,0.22981394139050748,0.25584130795450855,-1.0211139841971661,-1.5274144197396387
1996-03-13,0.3849271051942327,0.1868122606843838,-0.024960491151376638,-0.2622155566115216,0.8705928218477906,0.12337351979320249
1996-03-14,0.18653745965909768,-0.0034574395268995297,-0.060768034831936206,0.9059518104992682,0.4811492806380476,1.1335485198668083
1996-03-15,0.23865506068681971,0.25952084985660545,-0.25621191017929085,-0.8500179935773643,-0.8622888445557279,-1.1148680963119868
1996-03-18,0.36214424190184785,0.3610151601811668,0.38417370345788293,0.6966522637008781,1.0271679124134936,1.1425919062061018
1996-03-19,0.5485870027992499,0.5991677622590831,0.2943589146136175,0.6208277047147451,0.8150751220848628,1.1415636354209953
1996-03-20,0.21283905910543713,0.6695493856535518,0.021262739138649976,-0.020216672651085444,-0.19779018527453923,-0.2898752912532388
1996-03-21,0.28010086852346805,0.38463655316852663,0.32141559723027513,0.37971799630527653,-0.26548770832632435,0.3688075383176839
1996-03-22,0.22697650458653976,0.2839191206037522,-0.249279479335985,0.05660751153229715,-0.050375010670534966,0.39206491666661053
1996-03-25,0.07162189127043238,-0.20956552606493506,-0.08573072392275617,-0.48079042870443645,-0.5069575407845079,-0.49032561706325484
1996-03-26,-0.02146966394370344,-0.0031200008847305583,0.3116864296136753,-0.12988490101348613,-0.5007157693813719,-1.0243927750391615
1996-03-27,0.5065942174503124,0.26459096304817126,0.04272868108573451,0.11997594342836525,0.5877424095076973,0.3637722970399264
1996-03-28,-0.11827223176493422,0.1466380815968752,0.6433612595688891,0.012329651266406132,0.6147972383613413,0.0015660773454756098
1996-03-29,0.2330794794284552,0.10444944432493154,0.33473402870652663,0.38848430218694896,1.422836869282931,0.373220907227056
1996-04-01,-0.07290337698074419,-0.03811037935578755,0.019594027018701728,0.4270152098099134,0.9735137120060289,0.15177264180802064
1996-04-02,0.3649768394551707,0.17412074852850357,0.16650278871378182,0.2044822550817949,-0.43344469277166964,0.15986152301919393
1996-04-03,0.3037293303420413,0.2700173215572511,0.24485846511079415,0.026450132393977144,-0.2500400540105684,-0.42325481183391256
1996-04-04,0.4758191968166733,0.08550770714363028,0.38422465110256177,0.8335170827784454,0.8213772922034455,0.3497459871506996
1996-04-09,-0.05684529584976195,-0.22959971470234944,-0.011589166033349111,0.11505875346953982,0.16027743869382882,-0.00866028634204557
1996-04-10,0.289728484691421,0.38064815820560494,0.2883720080337811,0.194982213694404,0.5010525813060414,0.6060141742793997
1996-04-11,-0.011557713867078797,0.27192794974010015,0.3737784567847836,-0.30102154280336124,-0.3555874733532528,-0.1808703506501901
1996-04-12,0.14924373585441267,0.17733135074454162,0.7787471048392359,0.4161148789602741,0.987635370993984,0.45449253870068435
1996-04-15,0.38731578687557233,0.15735888912310783,0.5296542145751062,0.43419424135546847,0.25783248091135413,0.41800890766298987
1996-04-16,1.0562962566238339,0.74208623552145,1.0881384219135632,0.8639247379117208,0.6470090977813221,1.215599291501996
1996-04-17,0.4978797506018868,0.7685053686896854,0.25462570960682923,-0.09351971034223412,-0.759521097078963,-0.7264405137275948
1996-04-18,0.6215182112033547,0.7323634582586119,1.1250996132415798,0.7469430496081175,0.41702903087543725,0.12299854247163344
1996-04-19,1.0107291666846698,0.9937954089923299,0.9678222679052851,1.0396510324220463,0.5322492244835104,0.9937586355011381
1996-04-22,0.2748542968515452,1.129213712621222,0.3259619736127937,-0.14502258435484933,-0.21604327229241618,0.08639855415963973
1996-04-23,-0.0275523771157796,0.33293745126293434,-0.03010203382492667,-0.2456116127843951,-0.49291061616523474,-0.27480177196151545
1996-04-24,0.46305940664045897,0.2108448404132827,0.21360914662398786,-0.028113246994994647,-0.3105184616574189,-0.20239125136599895
1996-04-25,0.046420249936452065,0.0811975226587935,0.17695876684538883,-0.1032832142927854,0.4706565889119733,-0.03259955515904182
1996-04-26,0.6295428001191788,0.08223157359415033,-0.02165010398449968,0.30376118410045694,0.602638028129854,-0.1347325088629751
1996-04-29,0.20992431316788318,-0.07530813515446431,-0.12958419618563954,-0.24980882226632542,-0.7070552867013575,-0.703133300439923
1996-04-30,0.15889626001815907,0.0340614106366485,-0.030902965769564257,0.11594345149491662,0.0742152953180656,-0.2765000115982736
1996-05-01,-0.024068924262300447,-0.01653244425344716,-0.2407585471886848,-0.15039400772150482,-0.6667317107291089,-0.28728594129996704
1996-05-02,0.5041712192571632,0.25997201305261713,-0.13414869154162165,-0.12969794565412107,-0.8251185111882431,-0.4906144368000755
1996-05-03,-0.2812769136800693,-0.5351414504649191,-0.47382122611361904,-0.5817466698664495,-1.6593305102559588,0.5018559859898051
1996-05-07,0.10955530174894866,0.0460374181775417,0.2938763269483857,0.15134604268486693,-0.8044723829548047,-0.5992579482507564
1996-05-08,-0.33470293330931083,-0.032376809859269794,-0.1426833430937518,-0.0067901253798367265,-0.12568818405658136,-0.5743915295612916
1996-05-09,-0.06890343528385943,-0.05160579467785681,0.07145119775287352,0.15263523190016584,0.4928753183359501,0.4980445318490342
1996-05-10,0.3634594255451134,0.14145600716369375,-0.08068938600031385,0.36096231325560874,0.4146457231155367,0.867602664963831
1996-05-13,0.2439584646213,-0.039222011127242065,-0.06834074418689785,-0.2824094848528232,-0.2669014537768425,-1.3276136836326977
1996-05-14,0.015724545379523863,0.2675543499144779,0.2857573689088253,0.6455687922380573,0.40258523163186954,0.2846913938316095
1996-05-15,0.11267871221291405,0.04050712255353579,0.1330719442268956,0.05275166332022936,0.8467476217707183,-0.14568111356736868
1996-05-16,-0.29401517524622045,0.04826540438240189,-0.14944376252356373,0.10410466946403434,-0.8595808071367205,-0.8050671443784707
1996-05-17,0.6333354000061231,0.017022002441350634,0.24582583392292764,0.45257622724993246,0.970300958368014,1.104574778798477
1996-05-20,0.7858634564793214,-0.18993253069351534,0.0994801133366029,-0.3548109568546587,-0.26207046362155284,-0.2628122147767732
1996-05-21,0.973380321016042,0.042553265807353635,-0.21212895336917323,0.7000459669661793,0.2518859915525131,-0.40495008869081206
1996-05-22,-0.7204517395940883,-0.10657114164561443,-0.35215904132087666,-0.2932834126920564,-0.7818950589899736,-0.9463901732078281
1996-05-23,-0.603551152843149,-0.005436743946291706,-0.39162228081257033,-0.2794421978864555,-0.4991949516805507,-0.27612950818398135
1996-05-24,-0.8392798161363468,-0.15219178074951573,-0.29226068906023805,0.04054733397483848,0.17507788935017904,-0.4235472678755296
1996-05-28,-0.005831387240136402,0.23795669262164662,0.07981718386910039,0.41998848405182676,-0.09176159785963968,0.5032534345453872
1996-05-29,-0.08121610496804109,0.2023814100897656,0.09253100594060817,0.07228858269682764,0.48558894019937787,0.8712509505412336
1996-05-30,-0.0630194787619996,-0.09355109212008458,-0.32802792585065965,-0.8531623566809773,-0.6511904324039708,-0.5162121933307924
1996-05-31,-0.029257254582140183,0.2950406395621866,-0.0462289870062257,-0.41320410984792727,0.333140641191909,-0.12028231726432324
1996-06-03,0.2204364766288716,0.2231196193599177,0.012613358807877856,-0.2391783407065925,0.36904819521318544,-0.07888115384115192
1996-06-04,-0.2006566298674175,0.2701673701223976,0.1990544763040304,-0.004313967157963546,0.37968741039922055,0.7988582435256546
1996-06-05,-0.10919605263876665,0.4703027744916802,-0.18567811680696364,-0.2144876221003485,-0.09404321909323654,-0.11814585459787776
1996-06-06,0.07171871639965056,0.10249541406740376,0.29701742424425903,0.012530170840863733,0.03713676799007519,-0.2541406403669018
1996-06-07,-0.6274751627870079,0.11421733482148214,-0.36949321660696255,-0.777053478980768,-1.2280014602372806,-1.639310670700833
1996-06-10,0.11918174149862402,0.19032885254692036,-0.0777348415143641,0.27581472637511495,0.8180941738259045,0.7863418655549754
1996-06-11,0.06557059706893033,-0.35521151007988666,0.2725833351286789,0.6157125887838412,0.8453321712396753,0.600459780329533
1996-06-12,0.05772629611324128,0.12406356249578529,-0.06003016027843822,0.6328047120434213,0.21047348545666908,-0.042597545509566716
1996-06-13,0.4392114060760193,0.13645798380643487,-0.040909622263593085,0.322551810487206,-0.3201323070936162,-0.20561202529465575
1996-06-14,-0.05727135010436755,0.005291210466541176,-0.05234601319682111,0.4802091740337685,-0.5507448298272907,0.049201689566740425
1996-06-17,-0.4653604343581292,-0.12990007530895278,0.45237656812811167,0.31267756727828266,0.0303714962956148,-0.10286276861969372
1996-06-18,0.05212893287915237,0.013152104320144542,0.31113727470421393,-0.0011874638824414991,0.11517906583728353,-0.117056394057909
1996-06-19,-0.19229987970723228,0.0627896430520691,-0.001943872516610976,-0.053284081705673586,-0.009132676435350604,0.06600704249680177
1996-06-20,-0.2724857228550171,-0.15235357712883676,0.04183909509920194,-0.16224176827997555,-0.7949469916275937,-0.9379273132441421
1996-06-21,-0.4145947266950998,-0.3100488760514911,-0.13214481347712945,-0.39368813787837753,-0.09666039573236673,-0.18508036319176674
1996-06-24,-0.5667092454442271,0.00401525466289306,-0.2701084711862307,-0.2094501462148989,-0.19919211408340137,-0.4733342261367592
1996-06-25,-0.9165130889949594,-0.7183785941095354,-0.6930658252362214,-0.3824295305454033,-1.0773272716295597,-1.1898914618625893
1996-06-26,-1.832619104292584,-0.36457521360812,-0.5982858860548479,0.05624457235078892,0.37873085908620824,0.24483490750120696
1996-06-27,-0.5163377296613907,-0.692196311011062,-0.2733191823220968,-0.2601001108710677,-0.44604404728719377,-0.6325278628514306
1996-06-28,0.3076844502298925,0.12226915471582597,0.6484364964504262,0.6276533879291686,0.8987629138758746,1.1069765393969164
1996-07-01,0.1723822725596284,-0.00038661544276637,0.7286822646274209,0.5351312587581545,0.37376846092666366,0.6633396843085411
1996-07-02,0.09284224357905696,0.21571410969857763,-0.2550524552709384,-0.24166128172359713,0.13412363637883956,0.32405083602470625
1996-07-03,-0.684687220586588,-0.17134125018014293,-0.3973881004851705,-0.49871442153768647,-0.35649583119782324,-0.2597253178300094
1996-07-04,-0.21512624145415074,0.09032566897931628,0.14921168033091586,0.4118397393232738,1.2216883714958424,1.1993001514356385
1996-07-05,-0.06608864991337222,-0.15710578675034365,-0.2572158390850798,-0.17709097842531127,-0.5808295288676211,-0.17268035889181038
1996-07-08,-0.7063690537474111,-0.518649057584568,-0.3697479925171072,-0.31844309541300464,0.16416500943974455,-0.2743470230075361
1996-07-09,-0.29692187144351484,-0.07343695442101722,0.0045145735268565445,0.2402570681763436,0.42553431318523766,0.25045066786869374
1996-07-10,0.05173022217560746,-0.21413762245973117,-0.25665041396336113,0.4261048754078603,0.4291071085331,0.3278629091020924
1996-07-11,-0.5449323551149742,-0.3158982447822071,-0.03340145229529609,-0.44414843635451534,-0.5319987350906963,-0.12144513132422168
1996-07-12,-0.7004151749044176,-0.4539683414132964,-0.5120161018831451,-1.0260981061570005,-0.10846134236217765,-0.3281928680139618
1996-07-15,-0.39187504933049583,-0.8469083240276912,-0.5526138091283387,-0.5971172525628108,-0.5763402639010361,-0.05572421178046442
1996-07-16,-2.4851773320557107,-2.439487089450127,-2.081003213337549,-1.756523975007782,-1.2932827527593997,-1.511973825641131
1996-07-17,0.11919346375512935,-0.4410465781352433,0.07103314713709999,0.43227918801298704,0.9162734534973812,0.16616811726221586
1996-07-18,0.9303376537381,-0.16379906919961407,0.2974119453464221,0.7767913556112372,0.7910105050407368,0.6705281918853756
1996-07-19,0.5099065933382164,0.24863376547803118,0.5705508664188552,0.515996300226592,0.10008967126680586,0.8140307151170804
1996-07-22,0.016311916556311246,-0.16393834777443658,-0.264639219733754,-0.8829765718799355,-1.1483096855007864,-0.1947675628844935
1996-07-23,-0.18785328240826238,0.12926722305797497,-0.020778461362814877,0.5744153275945186,0.4942126260297806,0.7476443702037419
1996-07-24,-1.4373242939906583,-0.76652246006901,-0.8232235488441815,-1.2787483999955538,-0.9193421695141736,-1.1490307642747086
1996-07-25,1.4774845178912979,-0.16811073392529455,0.07015597406790994,0.3298680731056356,0.6413988146496232,0.24452445669159942
1996-07-26,0.33686534330156526,0.05761945210209249,0.1643585078534257,0.2461742871906778,-0.4633430321799631,-0.07498395516067617
1996-07-29,0.34609138057668215,0.08560913391197611,0.1271811177361167,0.15002959168750568,0.11734112514341305,0.11801889755879694
1996-07-30,-0.011841446027110179,-0.24009871696991472,0.16395881925809125,-0.09714612444197661,-0.32244263094578285,-0.07629569559309855
1996-07-31,-0.13682729029988625,-0.10098053118130507,0.13704849034146177,0.5448661622511018,1.1193511781591259,0.8930227033628627
1996-08-01,0.29285915637998433,0.17319797231127043,-0.15942538700897246,0.7570007440810672,0.6343332165168997,1.2868460389899268
1996-08-02,0.6514944454174698,0.14062753792860833,0.4320515904098829,0.767442226142828,0.6178370016978648,0.9403101534195539
1996-08-05,0.8632896382399224,0.42137433987769574,0.6100787601836225,0.5182263573181526,0.49147874928960095,0.9896762071696549
1996-08-06,-0.06241686573730421,0.06902414973971456,0.294549893592892,-0.45439022827253867,0.6798653776729842,0.5903962307914191
1996-08-07,0.5799443425700944,0.19990747094918346,0.3695642665322771,0.1775766962753352,0.6034495940251652,1.0046142854515074
1996-08-08,0.23997743206921687,0.12719796910970516,0.1878252990722043,-0.06828218001042029,0.08346724897736217,0.3480689336832231
1996-08-09,0.311962739934498,0.09440913427042465,0.24019333210288613,-0.034735490277665274,0.17971955220433591,-0.4848173884139427
1996-08-12,0.0046140741771399695,0.2806234673027084,0.3258052239743972,0.2292592807280886,0.2629325077470379,-0.042199287342178975
1996-08-13,0.11895346136180632,0.29026377619812155,0.47524423538408656,0.5743772664642568,0.39170472714321375,0.748214316300563
1996-08-14,0.2076097544788242,-0.01947623472209314,0.21681221597921754,0.6080750994938903,0.16485850569662486,-0.08374004158350987
1996-08-15,0.4602170804687057,0.05799796460059259,-0.10280589074580765,0.444833864710483,0.16507723450252396,0.10786311774674222
1996-08-16,0.17534556348387773,0.12099304393983304,0.35637069241142577,0.8063623292780212,0.9535914492145152,0.9845362890311747
1996-08-19,-0.09565360194938534,0.05450462798167526,-0.0695558063481819,0.2785603583219125,-0.41706532872026353,-0.0650254950515294
1996-08-20,0.11661228490878627,0.26142301961989295,0.1735771501973141,0.7068791814923492,0.0904191739384414,0.3272025002396133
1996-08-21,-0.13477334106959427,0.03054360940002434,0.17578757144613755,-0.3878992017304913,-0.12200428148897238,-0.08458521801156332
1996-08-22,0.1380108127722561,0.28509070433248035,0.21185110751257707,0.6084601303333597,0.6903807291097295,0.680963726230078
1996-08-23,0.43158514956165467,0.5416834990154059,0.5051512478855171,0.0028480613383835914,0.6708415966533967,0.3797915855182089
1996-08-27,0.039188233563783224,0.07037375624335737,0.0810598698263951,0.06092368019679683,-0.24823421638081336,-0.1656259487059898
1996-08-28,0.4398969747692175,0.2660871957293345,0.2324904156276712,0.39074551554086856,0.21568428161326642,0.5513880384857421
1996-08-29,0.1892996014109524,0.14978122288996024,-0.08852332397764782,-0.8121712677172421,-0.9542006508837735,-0.6640807571698394
1996-08-30,-0.13871293044009023,-0.31432338381799196,-0.2814427880306796,-0.5638069765944408,-0.07900516721606402,-0.6011902327641293
1996-09-02,0.1344880549869133,0.1963201939184512,-0.07708982332390647,0.7046889270551249,0.5593848733655405,0.2620946551469335
1996-09-03,-0.3225897112923609,0.27796315542605826,-0.5091982684138148,-0.4570249280064303,-0.8574802364561606,-0.9410818362717377
1996-09-04,0.17127482215030665,0.3832747813950224,0.30775151985293814,0.6934629516581828,0.2664264458308047,0.6736465781154478
1996-09-05,0.2361996205794018,0.1266344006190693,0.07723712360711575,0.8691649756798846,0.18854699295427443,-0.08517961593529896
1996-09-06,0.149254591595035,0.24521509620789614,-0.37683107435730423,-0.0013446914837132987,0.12205270716060272,-0.11709581080300434
1996-09-09,0.1503932935721476,0.10363157676904546,-0.022333266346454834,0.10951439456362404,0.08305013306263376,0.09257167889286003
1996-09-10,1.0965240812600163,1.2777070130386072,0.5911552067436551,0.40279547441440855,0.7201528492056658,1.4472852710397095
1996-09-11,-0.2981379451188612,0.056647118218186174,-0.09747922350319677,-0.8842993804776307,-0.15130288149715743,-0.16249810826568195
1996-09-12,0.8389894985630221,0.13170487481447857,0.24946534876665247,1.2750836690245033,0.5760901090680125,0.21219736007669143
1996-09-13,0.5114251303514634,0.44493624243259405,0.19410782354821446,0.4687913026276533,1.0612840236614856,0.6652082341529902
1996-09-16,0.14031258534170957,0.6708810980257292,0.17264140141084747,0.5619114488176806,0.12607233288639716,0.19421571736374377
1996-09-17,-0.2692804701497097,0.12973539741030368,0.026349021820138378,-0.4986203703249329,-0.33676627302731715,0.09047340144512588
1996-09-18,-0.3130866107207041,-0.016998322265098446,-0.313869676693179,-0.7729793293360118,-0.38765789903158276,-0.33158305234422414
1996-09-19,-0.0038708675852524737,-0.02917420534686812,0.09590709194788166,1.0465896746840826,0.21091399613581902,0.23352469130846448
1996-09-20,-0.12168902861793633,-0.2518938861242678,-0.01499978495433119,-0.13366783448169645,-0.7907917532533113,-0.014600731316672834
1996-09-23,-0.6582205210894422,-0.6115852773690374,-0.4304073311703552,-0.5925704137004514,-0.9193970912872246,-1.1620040895248187
1996-09-24,-0.12536912139879317,-0.24090686754541402,-0.45405847267471705,-0.07938665612220237,-0.09277442230274932,-0.2926007656346185
1996-09-25,0.18740052550829675,0.0027878593581956487,0.15965379949115355,0.4533865474405609,0.4904624336113595,0.8002317349763299
1996-09-26,0.2848123186505414,-0.014634181526271819,-0.22263201945066755,0.06388469625356126,0.024377655092899988,-0.143230332846208
1996-09-27,-0.018162313926833415,-0.05387672090006843,-0.0020078953558322317,0.5201158822705199,0.03043444805082269,0.08182394862725421
1996-09-30,-0.1287587639862589,-0.29388170737724145,0.05521933857909121,0.20164042132364868,0.08193659768237434,0.15826935534301112
1996-10-01,0.18599096988088173,0.498705483639064,0.0926374523017253,0.7513370192939441,1.0386505726362338,0.7509029497693627
1996-10-02,0.25905362442894947,0.40610806083117135,0.2662666932413202,0.4414097305284518,0.4406752082975866,0.7553625549740882
1996-10-03,0.04124772884149875,0.23179740435203391,-0.25843181252197234,-0.1782292602659551,-0.5247430988890844,-0.33323157883636934
1996-10-04,-0.1527841032359662,0.04879064664614434,-0.14254673954943356,0.4539526895800462,0.5201181757083029,0.2799224934189928
1996-10-07,-0.12205771183034932,0.2963397795604459,0.4078888329571531,0.12597330959132538,0.24350935090140421,-0.007769926632693724
1996-10-08,0.1808555969271196,0.2355731608330231,0.021768853285643663,-0.04613782251430453,0.032944716093640594,-0.03390750491176461
1996-10-09,-0.3577912470397193,0.21164330381062801,-0.1818051738323432,-0.9162371676802272,-0.6944367936125392,-0.18002555869674727
1996-10-10,0.11177746039800136,-0.014131933552035004,0.16772521726470105,-0.2658200715977517,-0.3548750397116252,-0.2351171611360342
1996-10-11,0.1813347412048933,0.024570915918113827,-0.05541754514414901,0.4550701461026519,0.9273709390173608,0.6613444211907981
1996-10-14,0.00044272583246646863,0.17089827598071583,0.05683090258382164,0.1744469771078764,0.40293221089497044,0.534303032755663
1996-10-15,0.11023571235895611,0.35151665470799587,0.21722579455564478,0.5274602774006314,-0.23367522715548297,0.2864368295252957
1996-10-16,-0.16934356201161282,-0.05715858327850039,0.008780895193762505,-0.48283785022166714,-0.5428957927893211,-0.5502153547545235
1996-10-17,0.011330775842974025,-0.07112876135028261,0.16491361081893333,0.5954423761099076,0.34176706672529694,0.1825440812928078
1996-10-18,-0.09170622419572991,-0.028052779356992383,0.08563070975521477,0.40544095194891294,0.28448825839212927,0.09952139845137767
1996-10-21,0.0822998891606447,-0.11418712746721257,0.15926721993018972,0.47828326860771453,0.569574784691524,-0.09018147066028308
1996-10-22,-0.14173562920305757,0.11040315607601148,0.011470291389510104,-0.46523133421123275,-0.25535371428671455,-0.41025215596792397
1996-10-23,-0.03114447690361121,-0.1055362803479806,-0.07351250330931859,-0.7893902115681711,-0.7604014207493218,-0.4480597478515474
1996-10-24,0.12439368870816174,-0.13344438458729524,0.00059199116339553,-0.7404047600953851,-1.0013234320456021,0.11219374922817067
1996-10-25,0.42472554814549957,-0.11469605708942575,-1.0904704500536515,-0.09734510419575516,0.7828429781664411,0.8935107439335968
1996-10-28,0.22474485034041583,-0.09225225505694037,0.25004726992386245,-0.1521298563294123,0.3111022274996883,-0.06704370575029264
1996-10-29,-0.6382488274790367,-0.1416673266224459,-0.30595298954642514,-0.5050438359716511,-0.6731973897999678,-0.35843436051425703
1996-10-30,0.11254595337384476,-0.008715049115922763,-0.5726267745731262,-0.8482783197918633,-0.6573787715324004,-0.6270535111361224
1996-10-31,0.3493512534781938,-0.3334756017532355,-0.3737788524898413,0.2641225880025098,0.3780002973838252,0.574368373536047
1996-11-01,0.3101044123843356,0.07889741907851346,-0.061269463023033675,-0.5759713754041801,-0.7385382016755135,-0.24183926918168833
1996-11-04,-0.5030768139127966,-0.0448194433631553,-0.2636159332216518,-0.5172776051101127,0.01046110542946266,-0.2640490107308036
1996-11-05,-0.39408148095000906,-0.2777018959820869,-0.11727236570931754,-0.9525119937880214,-0.25041943922614157,-0.019346359579823905
1996-11-06,0.2648049033470616,-0.1289931268628479,0.3114721849008585,0.44682437398590785,-0.13306017112242427,0.4169208170434479
1996-11-07,-0.4032667299660488,-0.0587001600634671,-0.2934719358746317,-1.0448280170648492,-0.7491117888309649,-0.9407037548973254
1996-11-08,0.43638243399344406,-0.1938421277857711,0.08951252345798019,0.926789037394369,0.4262028579108152,0.22841499282270225
1996-11-11,0.32547680783531,-0.08404544417115123,-0.2147985352941313,0.43980949191184887,-0.06827748069542558,-0.026526177180130697
1996-11-12,0.1759216734155223,-0.061626311558843266,-0.012011260418365219,0.240960919178933,0.48200655678788973,0.5456558863601318
1996-11-13,0.4455904306658644,-0.17687439696093432,-0.2503115744476522,-0.21357663271513186,-0.24972793870634216,0.45915166511468347
1996-11-14,-0.5149245929262619,-0.3625042353221819,-0.12463493924777652,-0.4681099602148922,0.37203456719602784,0.20084704629357103
1996-11-15,0.011326514620284354,0.10630222656374055,0.34657019055407956,0.9074478778431496,0.9928725171501919,0.44595877010391394
1996-11-18,-0.08458293661503705,-0.0672031665951591,-0.2307762677668402,-0.16850988663200137,-0.18954246740468786,0.9033136465769683
1996-11-19,0.05272831956799796,-0.27286419480592566,-0.3017740653767562,0.5153091256753397,0.4849262456672043,0.4132324973655125
1996-11-20,0.03579785086028792,-0.13197292503870522,-0.2781200196057736,0.05873510242908877,-0.5519583449358559,-0.06302566395174274
1996-11-21,-0.11687091613725377,0.18655496348174208,-0.11300405531885385,0.2993898002985647,-0.17639495856272722,-0.4525234926218789
1996-11-22,0.20420638940639,-0.4253774425469297,0.24355196294201856,1.4748775238412455,1.6286506562760155,1.710362180957268
1996-11-25,-0.01521376408817188,0.4823865985933181,0.01023179323953102,1.0622427419007519,0.8469538207724375,1.0560029656470873
1996-11-26,-0.4797516598531276,0.3671442568434814,0.21180878426392488,0.3698118396020007,0.03056317132430925,0.4502769475235139
1996-11-27,0.153329603677836,-0.2762633114063279,-0.2629170197681716,-0.5724362022769827,-0.22202869076688156,-0.9969678912877497
1996-11-28,-0.41520423164131903,-0.11325247851597796,-0.1861618979956264,-0.07336892302547407,0.19461882105525613,-0.22355886778446335
